question1,author1
PHImageManager requesting exact sized images not always working,Dennis Rochel
Solidity ERC-721 Error: Returned error: execution reverted,Patrik Kisbal√°zs
laravel single post not displaying in livewire,basic
Netsuite Saved Search in Scheduled Script No Results,Sevan Golnazarian
how to take a double's fraction part and turn it into an integer? (c++),Gvidas28
How can i delete a directory in localappdata in the current user,Antonizz
How to create a treeview from XML file using react.js in asp.net core? URGENT,TestUser
WPF Login window appears smaller when application starts,arlvin
Restrict specific object key values with authentication in Firestore,Tometoyou
Clarification about configuring a AutoDesk.AutoCAD.Windows.SaveFileDialog object,Andrew Truckle
